-- Generation time: Mon, 30 Mar 2020 08:08:34 +0000
-- Host: mysql.hostinger.ro
-- DB name: u574849695_25
/*!40030 SET NAMES UTF8 */;
/*!40101 SET @OLD_CHARACTER_SET_CLIENT=@@CHARACTER_SET_CLIENT */;
/*!40101 SET @OLD_CHARACTER_SET_RESULTS=@@CHARACTER_SET_RESULTS */;
/*!40101 SET @OLD_COLLATION_CONNECTION=@@COLLATION_CONNECTION */;
/*!40103 SET @OLD_TIME_ZONE=@@TIME_ZONE */;
/*!40103 SET TIME_ZONE='+00:00' */;
/*!40014 SET @OLD_UNIQUE_CHECKS=@@UNIQUE_CHECKS, UNIQUE_CHECKS=0 */;
/*!40014 SET @OLD_FOREIGN_KEY_CHECKS=@@FOREIGN_KEY_CHECKS, FOREIGN_KEY_CHECKS=0 */;
/*!40101 SET @OLD_SQL_MODE=@@SQL_MODE, SQL_MODE='NO_AUTO_VALUE_ON_ZERO' */;
/*!40111 SET @OLD_SQL_NOTES=@@SQL_NOTES, SQL_NOTES=0 */;

DROP TABLE IF EXISTS `communities`;
CREATE TABLE `communities` (
  `id` bigint(20) unsigned NOT NULL AUTO_INCREMENT,
  `name` varchar(150) COLLATE utf8_unicode_ci DEFAULT NULL,
  PRIMARY KEY (`id`),
  KEY `communities_name_idx` (`name`)
) ENGINE=InnoDB AUTO_INCREMENT=11 DEFAULT CHARSET=utf8 COLLATE=utf8_unicode_ci;

INSERT INTO `communities` VALUES ('4','aut'),
('9','dolore'),
('10','eos'),
('1','et'),
('3','et'),
('8','et'),
('7','magni'),
('5','minima'),
('6','qui'),
('2','voluptate'); 


DROP TABLE IF EXISTS `friend_requests`;
CREATE TABLE `friend_requests` (
  `initiator_user_id` bigint(20) unsigned NOT NULL,
  `target_user_id` bigint(20) unsigned NOT NULL,
  `status` enum('requested','approved','unfriended','declined') COLLATE utf8_unicode_ci DEFAULT NULL,
  `requested_at` datetime DEFAULT current_timestamp(),
  `confirmed_at` datetime DEFAULT NULL,
  PRIMARY KEY (`initiator_user_id`,`target_user_id`),
  KEY `target_user_id` (`target_user_id`),
  CONSTRAINT `friend_requests_ibfk_1` FOREIGN KEY (`initiator_user_id`) REFERENCES `users` (`id`),
  CONSTRAINT `friend_requests_ibfk_2` FOREIGN KEY (`target_user_id`) REFERENCES `users` (`id`)
) ENGINE=InnoDB DEFAULT CHARSET=utf8 COLLATE=utf8_unicode_ci;

INSERT INTO `friend_requests` VALUES ('1','1','approved','1970-05-18 23:47:19','2013-02-24 01:23:49'),
('2','2','requested','1992-07-31 21:04:08','1972-04-13 14:23:06'),
('3','3','unfriended','1986-04-24 19:11:29','1971-04-24 19:08:31'),
('4','4','approved','1987-09-02 09:39:06','2003-07-22 01:09:33'),
('5','5','approved','1987-10-02 16:04:53','1991-04-04 04:41:42'),
('6','6','requested','2013-06-07 10:49:12','2017-12-05 04:36:51'),
('7','7','approved','2009-11-07 12:36:22','1998-11-13 14:50:32'),
('8','8','approved','1991-01-29 04:43:04','1986-10-10 08:14:55'),
('9','9','requested','1979-09-15 15:56:03','2000-03-22 23:26:30'),
('10','10','requested','1980-03-31 18:01:39','1970-10-07 17:32:52'),
('11','11','unfriended','1984-12-23 03:09:48','2010-02-22 09:03:17'),
('12','12','unfriended','1997-06-15 05:23:19','1979-10-25 00:42:56'),
('13','13','declined','1977-03-07 02:33:37','1993-10-06 19:14:39'),
('14','14','requested','2001-12-12 16:58:46','2018-10-23 05:18:48'),
('15','15','requested','1970-09-07 10:12:07','2010-10-07 00:19:30'),
('16','16','unfriended','1986-10-09 22:34:11','2017-06-19 02:18:12'),
('17','17','requested','2008-08-04 05:24:38','2017-10-13 21:27:24'),
('18','18','declined','2010-12-14 08:39:25','2008-10-01 22:16:53'),
('19','19','approved','2016-12-25 00:41:20','2011-07-09 14:38:13'),
('20','20','approved','2018-08-05 05:22:50','2011-06-08 09:07:41'),
('21','21','declined','1992-12-14 08:06:07','2006-04-05 05:29:55'),
('22','22','approved','1987-07-21 09:52:09','1991-12-16 03:42:52'),
('23','23','unfriended','2008-05-16 05:17:14','2011-01-23 19:55:14'),
('24','24','approved','2017-01-04 23:16:21','1986-11-01 15:33:41'),
('25','25','approved','1973-04-13 06:07:37','1974-10-03 08:16:18'),
('26','26','requested','1996-03-21 02:01:20','1992-09-14 01:16:53'),
('27','27','declined','2017-03-25 03:45:51','2006-01-17 02:42:07'),
('28','28','declined','1971-10-21 22:28:35','2001-06-21 12:18:15'),
('29','29','approved','1975-04-25 22:49:03','1978-12-26 08:54:35'),
('30','30','requested','1989-04-04 04:56:38','1979-10-28 22:13:49'); 


DROP TABLE IF EXISTS `likes`;
CREATE TABLE `likes` (
  `id` bigint(20) unsigned NOT NULL AUTO_INCREMENT,
  `user_id` bigint(20) unsigned NOT NULL,
  `media_id` bigint(20) unsigned NOT NULL,
  `created_at` datetime DEFAULT current_timestamp(),
  PRIMARY KEY (`id`),
  KEY `user_id` (`user_id`),
  KEY `media_id` (`media_id`),
  CONSTRAINT `likes_ibfk_1` FOREIGN KEY (`user_id`) REFERENCES `users` (`id`),
  CONSTRAINT `likes_ibfk_2` FOREIGN KEY (`media_id`) REFERENCES `media` (`id`)
) ENGINE=InnoDB AUTO_INCREMENT=11 DEFAULT CHARSET=utf8 COLLATE=utf8_unicode_ci;

INSERT INTO `likes` VALUES ('1','1','1','2013-04-07 13:26:52'),
('2','2','2','1988-11-10 07:05:58'),
('3','3','3','2002-02-14 06:28:17'),
('4','4','4','1986-10-23 15:27:00'),
('5','5','5','1972-06-10 08:17:25'),
('6','6','6','2003-06-05 21:22:07'),
('7','7','7','1986-07-04 08:16:04'),
('8','8','8','2011-01-05 05:07:21'),
('9','9','9','2001-07-15 01:23:55'),
('10','10','10','2018-07-25 17:28:34'); 


DROP TABLE IF EXISTS `media`;
CREATE TABLE `media` (
  `id` bigint(20) unsigned NOT NULL AUTO_INCREMENT,
  `media_type_id` bigint(20) unsigned NOT NULL,
  `user_id` bigint(20) unsigned NOT NULL,
  `body` text COLLATE utf8_unicode_ci DEFAULT NULL,
  `filename` varchar(255) COLLATE utf8_unicode_ci DEFAULT NULL,
  `size` int(11) DEFAULT NULL,
  `metadata` longtext CHARACTER SET utf8mb4 COLLATE utf8mb4_bin DEFAULT NULL,
  `created_at` datetime DEFAULT current_timestamp(),
  `updated_at` datetime DEFAULT current_timestamp() ON UPDATE current_timestamp(),
  PRIMARY KEY (`id`),
  KEY `user_id` (`user_id`),
  KEY `media_type_id` (`media_type_id`),
  CONSTRAINT `media_ibfk_1` FOREIGN KEY (`user_id`) REFERENCES `users` (`id`),
  CONSTRAINT `media_ibfk_2` FOREIGN KEY (`media_type_id`) REFERENCES `media_types` (`id`)
) ENGINE=InnoDB AUTO_INCREMENT=101 DEFAULT CHARSET=utf8 COLLATE=utf8_unicode_ci;

INSERT INTO `media` VALUES ('1','1','1','Perspiciatis maiores distinctio deserunt quasi corrupti nemo sint. In natus ipsa qui vel. Consectetur pariatur odio voluptas excepturi odio.','et','118',NULL,'2012-02-05 08:43:47','1977-10-25 18:37:04'),
('2','2','2','Ducimus dolor quia suscipit ut sint voluptatibus. Voluptatem impedit et et similique. Nam aliquid necessitatibus ipsa. Rem est eum sed veniam ea veniam aut id.','voluptas','7698',NULL,'1980-06-27 14:27:31','2004-01-25 22:08:28'),
('3','3','3','Veniam ab qui et facere nemo aspernatur. Aut consequatur aperiam dolores voluptas quia aspernatur ipsum. Itaque nobis aut laudantium tempore unde assumenda. Saepe aut totam sed magni consequatur corrupti.','laborum','7960007',NULL,'1997-10-27 10:03:10','1971-06-12 04:18:52'),
('4','4','4','Est et consequuntur necessitatibus ut. Voluptas sequi debitis amet reprehenderit fugit.','et','5316542',NULL,'2013-07-01 14:27:15','2005-12-25 00:05:06'),
('5','5','5','Id et tempora quidem sint iusto cumque. Nihil non totam expedita placeat culpa. Temporibus quia et maxime consequatur commodi qui provident.','quaerat','25415088',NULL,'2009-06-08 14:21:33','2011-02-09 16:58:44'),
('6','1','6','Mollitia voluptas sint suscipit doloribus. Qui nostrum inventore consequatur recusandae.','aut','28317471',NULL,'1991-10-25 03:12:36','1972-02-06 04:30:42'),
('7','2','7','Vero voluptatem natus beatae commodi dolorem. Ducimus ut iure voluptatum quasi. Odit est autem repellat sunt dolores praesentium mollitia. Cum aut repellat autem magnam voluptatem eos.','ut','205',NULL,'2013-10-31 00:40:32','2006-07-29 01:48:54'),
('8','3','8','Aut voluptate aut aut aliquam consequatur. Quia est fugiat quasi. Nostrum aut autem qui optio repellat dolor. Vero ullam numquam dolorem adipisci est non. Illo cum sunt unde cumque quaerat exercitationem.','non','208',NULL,'1998-04-20 07:51:26','2003-07-01 20:20:59'),
('9','4','9','Et veritatis consequatur maiores eos. Sed et sit iure et illo totam laborum. Qui ut nulla unde sapiente nihil aut non architecto.','vel','97',NULL,'2008-08-18 13:39:32','2004-07-27 16:41:48'),
('10','5','10','Enim corrupti molestiae similique aut voluptatem in. Fuga minima doloremque assumenda placeat nihil dolor aut. Incidunt repellat ut nemo consequatur. Corrupti rem rerum itaque autem cum. Nihil nobis at et est distinctio eaque.','deserunt','4016239',NULL,'1982-04-29 03:45:30','1995-08-03 14:13:58'),
('11','1','11','Quas tenetur pariatur mollitia tempore numquam rem quia. Sunt quo similique quia ut sequi. Dolor ducimus deserunt blanditiis quo et quas. Laudantium voluptates reiciendis voluptatem quam rerum a distinctio.','omnis','6',NULL,'1988-04-02 20:55:06','1999-05-11 01:19:16'),
('12','2','12','Quos placeat voluptatem illum illo tenetur. Enim debitis autem dolor fugit est et. Quo consequuntur non natus quis sunt non. Et beatae facere molestiae pariatur laborum eos suscipit.','assumenda','30910747',NULL,'2004-04-20 18:15:36','1993-05-20 04:59:54'),
('13','3','13','Aut nemo cumque in optio. Sapiente beatae vel reprehenderit eos necessitatibus odio facilis. Impedit nihil odit molestias reiciendis nihil ducimus ratione dignissimos. Quasi esse possimus doloribus nihil sed.','non','6536104',NULL,'1975-03-30 17:56:08','1992-11-14 14:26:51'),
('14','4','14','Unde esse autem deserunt animi. Maxime qui modi voluptas nemo qui. Necessitatibus pariatur necessitatibus quasi nostrum quis debitis voluptatibus.','aliquam','5959333',NULL,'2014-06-18 06:09:00','1999-04-26 05:40:41'),
('15','5','15','Necessitatibus et deleniti ipsum. Et qui sit commodi rerum ab dolores aut. Hic rerum qui est quibusdam enim et.','esse','368069624',NULL,'1982-05-14 03:33:00','2001-09-06 17:53:35'),
('16','1','16','Quae molestias labore veniam. Incidunt sit animi qui quia. Saepe culpa architecto officia quam sint aut voluptatum.','tempore','9033',NULL,'1990-03-30 18:55:37','1999-04-28 14:07:23'),
('17','2','17','Fugiat sed eveniet molestiae ex aut. Veniam doloremque et nam veniam amet sunt. Ex laboriosam deserunt consequatur ea neque aut consequatur qui. Nam animi et magni qui dolores soluta. Et sit sit enim deserunt.','sunt','30028261',NULL,'1978-02-26 15:44:14','1992-06-13 20:45:10'),
('18','3','18','Laudantium et rerum aperiam est cumque. Atque et expedita incidunt et aut asperiores. Doloremque dicta in et dolor ea. Asperiores hic qui non quo maxime deleniti amet.','et','28128443',NULL,'1990-11-07 15:10:58','2016-07-11 08:36:39'),
('19','4','19','Exercitationem odio id pariatur amet necessitatibus laboriosam. Itaque consequatur facere molestiae suscipit aperiam qui quia.','et','95514',NULL,'2006-08-10 01:13:57','2003-11-08 07:58:34'),
('20','5','20','Natus nostrum ducimus dolor autem. Eum molestias molestiae earum voluptas rerum aperiam neque. Laudantium voluptatem sequi ut error et.','mollitia','38',NULL,'1990-10-14 23:22:42','1994-07-31 10:48:11'),
('21','1','21','Rerum voluptate dolores et ea. Amet et non enim quisquam quibusdam ab.','iusto','445442319',NULL,'1990-07-23 12:51:32','1977-03-04 13:16:05'),
('22','2','22','Beatae provident et maiores explicabo est natus voluptas. Quia sit consequatur sunt reiciendis ratione praesentium ea. Cum incidunt ex earum voluptatum nesciunt quis quidem. Perspiciatis provident accusantium quis.','aut','99',NULL,'1975-03-13 16:36:59','1985-06-29 09:48:21'),
('23','3','23','Earum consequatur quisquam aut hic consequatur aliquam asperiores. Est sequi aliquid officiis consequatur libero. Et occaecati in molestias earum accusantium.','rerum','883522',NULL,'1979-10-14 04:06:27','1994-04-16 21:11:40'),
('24','4','24','Aliquam dolorem mollitia id soluta ipsum. Placeat nesciunt eos quia soluta voluptatum tempore iusto. Id aspernatur voluptas nostrum vel nobis. Et numquam laboriosam eos repudiandae necessitatibus.','sint','84687',NULL,'1997-04-25 11:01:33','2009-03-06 03:53:51'),
('25','5','25','Quia corporis iusto dicta ullam. Harum assumenda eligendi iusto ea dolorum minima. Perspiciatis dolorem dolore a praesentium perspiciatis omnis. Non veritatis adipisci autem ipsam amet.','reiciendis','815',NULL,'1981-05-24 09:50:39','2016-11-03 05:14:43'),
('26','1','26','Odit aperiam vel non nisi dolorum sunt. Occaecati dolore et dolore voluptate vitae. Tenetur modi facere molestias. Nostrum dolores aliquam in reiciendis ut.','quasi','0',NULL,'1978-12-05 02:06:04','1980-05-25 09:05:23'),
('27','2','27','Ducimus quia consequatur eos. Et dolores sint porro et. Consequatur laborum eos aspernatur qui qui.','impedit','44329647',NULL,'2012-09-03 00:24:04','1996-04-29 01:56:34'),
('28','3','28','At quidem labore non iusto et. Vel nulla sint consequatur reiciendis omnis. Sed est debitis itaque id porro. Voluptatem magni et sunt ea dignissimos deserunt est. Quo architecto qui voluptatem ut et eos.','qui','26400509',NULL,'2007-11-16 22:30:07','2018-09-27 18:00:55'),
('29','4','29','Ratione omnis minus quas a. Rerum eos laudantium accusantium dolores. Doloribus veniam earum esse quo dolore aliquid architecto facere. Nisi quis dolores pariatur et et officiis aut officiis.','corrupti','48',NULL,'2005-10-28 12:37:28','2001-03-14 14:54:58'),
('30','5','30','Eum non aut maxime sunt rerum consequuntur odio. Et architecto et quisquam quod. Ut ut sint voluptas minima consequatur nesciunt ad.','nisi','384147279',NULL,'1970-06-10 09:23:31','1973-05-01 19:51:29'),
('31','1','31','Possimus ut tempora sint doloremque. Voluptatibus eligendi accusantium corrupti laudantium quisquam quos autem. Doloremque repellendus mollitia consequatur sunt sit sapiente impedit.','incidunt','7',NULL,'1991-11-08 22:55:55','2011-11-21 16:33:23'),
('32','2','32','Facere quae autem molestiae a quis hic praesentium. Laboriosam omnis neque architecto fugiat. Deleniti molestiae ad earum ducimus porro debitis est et.','facere','146408',NULL,'1972-11-06 01:53:43','1979-05-30 09:36:07'),
('33','3','33','Est laborum optio repellat. Velit quisquam sit qui ad sed.','dicta','10',NULL,'2018-10-25 09:19:11','1976-06-05 13:11:01'),
('34','4','34','Ipsum est autem aliquam sit saepe quia perspiciatis. Tempore quidem voluptatem et veritatis consectetur eum odio. Voluptatum animi rerum labore sint distinctio reiciendis earum.','possimus','0',NULL,'2001-03-06 17:29:40','1992-11-11 08:04:50'),
('35','5','35','Rerum asperiores qui ipsa hic nostrum. Sint provident id fugiat voluptatem. Animi iste quis iste voluptatem et atque in.','quis','7',NULL,'1984-11-14 23:21:33','2012-12-19 21:34:00'),
('36','1','36','Voluptatibus dolores dolore fugiat error odit iusto tempora. Et sapiente ratione aut consequatur. Fuga aut voluptate est in ut.','deserunt','103617',NULL,'2001-07-02 12:06:08','1972-05-25 05:26:47'),
('37','2','37','Cumque adipisci a laudantium totam. Nobis rem aut eum et earum non quos. Alias quis sed nostrum ducimus nisi ab est sequi. Non et dolores aut.','quis','7262274',NULL,'1980-04-29 03:52:32','1979-06-26 21:15:22'),
('38','3','38','Vitae modi qui eligendi ratione aut deserunt aperiam. Modi et vero fuga iusto.','et','266097',NULL,'1984-07-29 19:32:06','1977-02-12 06:01:30'),
('39','4','39','Maiores rerum ea placeat et tempore ab. Sunt velit harum odit. Non minima debitis itaque architecto totam.','cum','336',NULL,'2017-10-29 22:30:05','2012-04-17 02:30:46'),
('40','5','40','Dignissimos ut dolore voluptatem rerum qui. Incidunt temporibus culpa impedit aspernatur fugit quas voluptatem. Aliquid est asperiores id voluptates molestias. Aut voluptas eaque deleniti alias qui id aut.','iusto','661255',NULL,'1972-04-19 07:57:03','1976-03-02 06:45:44'),
('41','1','41','Rerum corrupti praesentium tempore omnis enim quo. Quia voluptates blanditiis voluptatum. Ea tenetur delectus quod sed suscipit. Veniam maiores aperiam voluptatibus nihil voluptas saepe eveniet. Corrupti natus dolorem in eligendi facere totam fugiat.','rerum','9749216',NULL,'2012-08-22 05:34:15','2004-02-05 02:04:17'),
('42','2','42','Nam deleniti ut sit qui. Et consectetur neque quod enim eum.','temporibus','846947',NULL,'1976-02-24 15:47:38','2020-03-28 21:33:19'),
('43','3','43','Vero facilis occaecati dicta eveniet quis similique laudantium. Quos nemo dolores illum libero nobis. Tenetur incidunt nisi maxime rerum repellat dolore quia quia.','et','36905',NULL,'2006-09-05 03:42:47','1977-07-04 03:12:52'),
('44','4','44','Perferendis cum explicabo labore. Sunt impedit fugit non consequatur. Et iure qui sapiente accusantium sunt iusto culpa. Ipsa consequatur id quo.','illo','0',NULL,'1981-01-04 07:26:36','2014-01-26 14:41:54'),
('45','5','45','Eos vitae provident numquam accusamus sit. Enim ducimus id velit quia enim quia dolorum. Perferendis velit quo illum adipisci.','cum','0',NULL,'2006-12-11 22:54:56','1971-04-14 12:53:00'),
('46','1','46','Adipisci sit quae expedita assumenda consequatur quia dolorem. Qui nam culpa quia id et est voluptas nemo.','quibusdam','6',NULL,'1995-12-15 12:30:59','2012-09-23 18:18:57'),
('47','2','47','Dignissimos similique rerum voluptates exercitationem debitis harum. Qui fugiat optio vel odit quam. Voluptatem ad eos qui magnam et unde.','nihil','4331750',NULL,'2007-03-03 19:12:21','1990-05-25 02:48:13'),
('48','3','48','Aliquid beatae laborum maiores aut. Expedita occaecati consequatur quia perferendis ut recusandae. Quisquam sint consequatur et. Consequatur alias voluptatem officia voluptas. Est sed voluptate recusandae quo omnis.','autem','584',NULL,'1989-06-10 08:03:35','2010-08-05 21:22:28'),
('49','4','49','Animi voluptas et similique ipsa ut enim. Quod consequuntur doloribus corrupti aut nulla et ut. Tempore occaecati id voluptas perferendis culpa pariatur ad minima. Impedit odio quam eaque. Sunt molestiae dicta alias.','illum','0',NULL,'1998-03-20 22:24:09','1974-06-17 22:32:24'),
('50','5','50','Dicta error eum harum. Vitae officiis eius quibusdam sed autem sequi. Hic assumenda delectus temporibus enim voluptatem et praesentium ipsa. Non quasi ad voluptas atque dolorem ipsum officiis tempora.','odio','248119713',NULL,'1982-01-28 02:17:17','1994-12-03 07:43:46'),
('51','1','51','Nobis totam vel omnis porro non reiciendis. Aspernatur aliquid voluptas non.','aut','693232',NULL,'1987-05-28 04:50:52','2004-03-04 16:21:18'),
('52','2','52','Nihil quod id dolor architecto. Vitae vel soluta ullam quo officia sit. Iste modi et quia omnis. Quis in ut cupiditate fugiat id ut. Quis consequatur non qui autem enim sit totam.','tenetur','6',NULL,'2006-08-07 14:32:48','1979-09-26 19:23:18'),
('53','3','53','Perspiciatis consequatur eius quam provident ab. Excepturi quia laborum minima cumque eos. Dolor eum qui sint esse a nesciunt quasi sapiente. Et impedit quis velit quidem dolorum.','velit','75',NULL,'1982-07-10 11:15:18','1991-12-28 21:03:33'),
('54','4','54','Itaque perferendis vel minima ducimus omnis dicta in. Et eos repellat esse fugit. Perferendis maxime fugiat nam doloremque cum.','quia','485',NULL,'1970-10-22 08:30:43','1993-10-03 03:48:43'),
('55','5','55','Nostrum minus aliquam sed laudantium et similique. Qui dolorum possimus veritatis ea aliquid. Nihil qui voluptatem impedit sint. Cumque suscipit aperiam temporibus. Quo veniam odio velit magni.','voluptatem','3',NULL,'1992-02-17 09:08:15','1991-07-05 19:56:21'),
('56','1','56','Fugiat qui et atque voluptatem. Maxime tenetur qui quibusdam ut repellat doloribus eum. Aut doloremque omnis eaque necessitatibus ea est harum totam. Voluptas ducimus est veniam dicta. Perferendis molestiae qui ducimus molestias est fugit.','repellat','50',NULL,'1983-11-13 16:25:29','1994-11-21 15:47:56'),
('57','2','57','Veniam ex enim sed et incidunt. Et officiis sint molestiae aut vel. Alias esse autem ad odio et.','ut','7469449',NULL,'1972-10-31 03:45:51','1979-04-27 14:17:57'),
('58','3','58','Reprehenderit nam et quasi enim sunt in. Aspernatur et accusantium debitis sed autem. Assumenda ut in accusantium perspiciatis autem. Incidunt nihil ea vel magni consequatur eos.','laborum','179',NULL,'2012-02-06 17:52:26','2015-03-30 00:51:42'),
('59','4','59','Dicta enim ratione maiores nostrum voluptatem sint quisquam in. Iure molestiae quia impedit praesentium quos est. Ipsa autem accusantium perferendis necessitatibus in enim nostrum. Beatae alias quos repudiandae totam nostrum nobis.','est','92528250',NULL,'2006-06-24 23:19:01','1977-01-28 14:06:41'),
('60','5','60','Qui quas mollitia quos rerum eligendi odio ducimus. Eaque omnis nostrum labore est. Cum beatae alias culpa deleniti. Minima reiciendis at nam inventore magnam dolorem.','quasi','303961',NULL,'1998-01-16 05:16:27','2009-02-03 16:10:14'),
('61','1','61','Aut tempora quae aspernatur eveniet dolore. Repellat ut eos voluptates. Vero assumenda qui et dolor.','optio','323158147',NULL,'2015-05-16 01:56:12','2016-08-16 02:47:02'),
('62','2','62','Nobis eaque alias fugit dolor dolorem. Qui consectetur et ut. Itaque fugiat reprehenderit doloremque et.','non','18573802',NULL,'1993-06-29 16:31:33','1974-02-25 23:11:05'),
('63','3','63','Voluptates explicabo eaque et iure deleniti repudiandae et. At sint voluptatibus deserunt aut sit aspernatur eligendi. Blanditiis sequi et et atque non ut incidunt. Esse est sit eos reprehenderit.','porro','679213067',NULL,'1992-05-01 16:39:10','1996-02-20 20:05:07'),
('64','4','64','Inventore praesentium aut corporis amet quasi. Velit et aut dolor incidunt totam et. Ducimus architecto atque adipisci voluptates eius et quis. Quasi quidem voluptatem et.','voluptas','9',NULL,'1987-07-03 07:14:52','1979-05-17 01:26:07'),
('65','5','65','Laborum debitis aliquam est nostrum non ea maiores. Rerum vel quis autem eius eius quisquam et repudiandae. Nesciunt illum quasi et sunt atque voluptas et.','fugit','802',NULL,'2008-07-08 12:54:45','1988-08-03 05:52:57'),
('66','1','66','Eveniet qui sed culpa aspernatur delectus tempora eum animi. Est quod et rerum itaque qui perferendis. Reiciendis aspernatur rerum aut a.','dolores','868',NULL,'1989-12-19 20:31:44','1970-12-04 22:38:14'),
('67','2','67','Provident temporibus possimus ut distinctio asperiores assumenda non qui. Ipsa labore debitis cumque doloribus quidem magni dolorem cumque. A sed ullam ipsam fugit nulla ut.','cum','5',NULL,'1990-11-12 18:09:30','2019-04-08 01:45:38'),
('68','3','68','Omnis facere aperiam est sit sit culpa quo. Qui ipsam ab aut et debitis. Rem ut dolores aspernatur doloribus sit ut. Consequatur consequuntur et dolor ut quod.','ipsum','81714589',NULL,'2015-03-16 00:16:14','1991-06-14 01:58:46'),
('69','4','69','Hic saepe accusantium maiores quis aut temporibus architecto. Sit dolores assumenda eum et sapiente sunt. Qui ut ut et excepturi aut omnis dolor. Sequi iste accusamus placeat vel delectus est in.','eum','775927',NULL,'2005-03-28 16:39:10','2009-02-21 22:01:38'),
('70','5','70','Quia modi fuga vitae veniam. Iste quia occaecati officiis optio nemo qui. Quidem qui ab inventore et.','consequatur','564535930',NULL,'1988-11-08 00:48:42','2018-05-14 08:53:43'),
('71','1','71','Voluptatem sint illum odio sint. Sint perspiciatis tenetur qui a quidem et impedit. At vel maiores ut quia nesciunt nulla.','consequuntur','3274',NULL,'1996-10-02 22:36:58','1984-06-02 23:46:12'),
('72','2','72','Fugit delectus et voluptate distinctio. Dolor consequatur autem sit placeat.','non','7',NULL,'2001-10-02 23:05:10','2018-10-28 10:21:14'),
('73','3','73','Magni non doloribus iste excepturi aliquam. Natus similique et quia repellendus eos eaque illum.','sint','5131',NULL,'1986-06-11 05:32:07','1970-12-27 17:42:34'),
('74','4','74','Reiciendis atque totam quo molestias. Autem rerum et possimus ab voluptas sequi dolores non. Est vero illum aut et excepturi.','maxime','590442',NULL,'1995-10-21 07:02:54','1987-08-19 07:46:28'),
('75','5','75','Ex voluptatem ut distinctio sed aut similique voluptates. Odio sequi tempora ullam. Voluptatem omnis dignissimos voluptatibus qui recusandae et quisquam. Et temporibus vel odio qui nesciunt eligendi.','cumque','37',NULL,'2007-07-15 20:00:32','2008-07-01 00:16:57'),
('76','1','76','Mollitia alias maiores in mollitia et cumque ea. Eveniet quidem ab reprehenderit est facere labore culpa. Aliquam aperiam mollitia dolor veritatis necessitatibus quasi omnis dolorum. Aliquam ea cum veniam maxime vel cumque accusantium doloremque.','culpa','42862',NULL,'1985-09-29 20:07:07','2000-05-10 10:33:27'),
('77','2','77','Magni qui sed blanditiis consequatur excepturi pariatur vitae voluptatum. Quaerat qui modi earum non. Quasi voluptas ad cupiditate voluptatem ipsa.','porro','197340058',NULL,'1997-12-17 19:37:03','1980-06-05 08:51:34'),
('78','3','78','Ea fugiat tempora fugiat sint quo dolores. Quas id modi qui cum. Minus temporibus voluptatibus placeat sint expedita.','numquam','3566932',NULL,'2011-10-28 11:28:55','2018-12-25 15:46:29'),
('79','4','79','Totam repellat consectetur commodi. Tenetur nemo animi esse dignissimos enim veritatis quasi. Dignissimos eaque quas ea et qui. Assumenda velit sit ut mollitia.','et','87',NULL,'2003-04-12 08:28:06','1988-06-13 04:18:26'),
('80','5','80','Aspernatur autem velit excepturi expedita. Enim placeat nihil dolores sunt molestias incidunt. Consequatur illo ut consequatur ducimus est dolor nemo. Non aut error voluptates et.','perspiciatis','4063340',NULL,'1996-08-17 02:52:51','1979-06-07 07:23:15'),
('81','1','81','Quia beatae sint qui. Et nulla dolor est rem libero est optio at. Sed eligendi consequatur ut sint laborum est voluptas. Id quia error voluptas quia dolor corporis dolore.','vel','45692508',NULL,'1973-04-10 03:03:00','1983-12-25 06:15:51'),
('82','2','82','Enim sed nisi quo consequatur eos eos aut. Ad reprehenderit ipsa et in sapiente itaque. Recusandae suscipit deserunt optio ex. Enim voluptatem blanditiis cupiditate qui in asperiores doloribus fugiat.','quas','294180090',NULL,'2016-02-10 04:56:59','1986-09-25 20:05:54'),
('83','3','83','Doloribus veniam labore dolor quo cum mollitia. Aut dolor dolor quasi sed nihil ipsum. At qui iusto quas qui voluptatem. Eius a ea aut ipsum accusantium.','cum','0',NULL,'1990-06-09 04:01:29','1987-12-23 23:09:55'),
('84','4','84','Quis voluptas quo cupiditate illo. Autem voluptate perferendis et doloribus.','quam','634',NULL,'1995-01-06 18:42:19','2007-02-23 14:52:10'),
('85','5','85','Dolore saepe ipsum autem dolorem placeat delectus. Quo velit non et sit. Eum est odit fugiat ut. Consequatur voluptatem quibusdam maiores veniam.','impedit','4',NULL,'2017-10-16 13:34:10','1999-04-09 06:52:31'),
('86','1','86','Ut perferendis et laudantium temporibus. Minima voluptatem quas cumque perspiciatis quo saepe deleniti.','incidunt','1',NULL,'1980-12-05 22:10:09','1998-11-01 15:49:01'),
('87','2','87','Optio aut velit expedita ut ratione omnis. Praesentium harum dolores harum minima fugiat quaerat aliquid. Tenetur adipisci aspernatur voluptatibus veritatis quo amet voluptate.','soluta','88291',NULL,'1983-03-23 21:09:18','2019-12-12 18:00:31'),
('88','3','88','Saepe sint sed ipsum accusantium. Doloribus expedita vel nisi. Est voluptatem et error et asperiores ut.','rem','615',NULL,'2011-03-10 00:17:50','1990-10-14 20:43:15'),
('89','4','89','Non maxime asperiores nihil sint. Quae consectetur est molestias nihil. Exercitationem et ut non doloribus. Ducimus dolorem facilis architecto.','occaecati','199273',NULL,'1986-04-05 03:29:38','1990-02-16 19:39:58'),
('90','5','90','Commodi repellendus accusamus exercitationem quidem. Sed expedita nisi velit similique ab distinctio. Nulla sunt sint exercitationem dignissimos. In cupiditate repudiandae vel ad occaecati animi.','labore','22883360',NULL,'2009-02-21 12:34:35','2003-05-01 04:00:55'),
('91','1','91','Eius soluta laborum laboriosam qui temporibus. Tempora voluptatum velit modi facilis reiciendis enim. Doloremque provident praesentium possimus eos enim. Accusamus sunt id explicabo.','earum','0',NULL,'1970-12-06 20:43:26','2016-09-07 02:05:14'),
('92','2','92','Vero veritatis ipsam ipsum quis. Sed aliquam error et velit totam. Quam et numquam quam sunt sint nesciunt.','dolores','0',NULL,'2012-09-29 17:52:02','2001-10-15 20:01:17'),
('93','3','93','Labore fuga ducimus ut possimus vero. Sequi enim iusto et sit similique nam. Velit consequatur aliquid quae veniam aspernatur vel et deleniti.','quae','0',NULL,'1989-05-29 08:32:35','1986-06-02 22:14:27'),
('94','4','94','Alias nesciunt quis accusamus accusantium ut et vel. Fuga rerum aut eos ab vel officiis harum. Sunt ea soluta nam totam. Aut ducimus dolor et id eum est mollitia voluptate.','aut','8219040',NULL,'1998-04-01 23:59:23','1974-12-06 10:25:09'),
('95','5','95','Nemo esse eaque ab et accusamus eos. Fugiat ex consequatur error aut. Velit ut fugiat accusantium soluta aut.','in','25',NULL,'1990-07-28 18:23:33','2014-02-26 18:52:49'),
('96','1','96','Nihil odit voluptas aspernatur neque nemo. Dolore est explicabo iusto inventore quaerat. Neque in nostrum ducimus qui enim quo. Quidem numquam ea accusamus enim soluta vel ad.','quibusdam','8235631',NULL,'2008-08-13 07:31:59','1976-06-05 22:16:31'),
('97','2','97','Non ipsam et omnis est et est magnam. Quia cupiditate porro voluptas facilis ut nisi excepturi. Et laborum eos sunt voluptates praesentium et voluptas. Laboriosam placeat corrupti ipsa culpa occaecati. Aut vitae aut et laboriosam est.','magnam','796529',NULL,'1985-12-04 04:33:18','2004-05-15 06:34:46'),
('98','3','98','Quisquam at natus quis sint deleniti laboriosam explicabo aut. Tempore sit fuga eum error eius omnis omnis. Laudantium iste aut autem. Deserunt itaque ratione animi enim et sit ab.','qui','8',NULL,'1976-08-20 00:31:27','2013-11-08 06:12:00'),
('99','4','99','Labore earum itaque enim debitis quibusdam velit magnam. Est molestiae eaque recusandae excepturi nam quas consequatur.','quisquam','5',NULL,'1992-09-19 12:50:26','1977-11-28 14:05:38'),
('100','5','100','Et ad praesentium tempore maxime iure. Occaecati magni cumque hic voluptatem esse qui. Amet omnis ut dolore maiores aspernatur nihil. Id alias consequatur expedita at amet in.','repellendus','9134',NULL,'1977-01-09 19:48:53','1991-01-01 17:36:36'); 


DROP TABLE IF EXISTS `media_types`;
CREATE TABLE `media_types` (
  `id` bigint(20) unsigned NOT NULL AUTO_INCREMENT,
  `name` varchar(255) COLLATE utf8_unicode_ci DEFAULT NULL,
  `created_at` datetime DEFAULT current_timestamp(),
  `updated_at` datetime DEFAULT current_timestamp() ON UPDATE current_timestamp(),
  PRIMARY KEY (`id`)
) ENGINE=InnoDB AUTO_INCREMENT=6 DEFAULT CHARSET=utf8 COLLATE=utf8_unicode_ci;

INSERT INTO `media_types` VALUES ('1','tempora','2014-03-03 00:49:23','1985-06-08 05:55:36'),
('2','consequuntur','2011-05-18 16:56:36','2017-12-01 21:30:22'),
('3','inventore','1998-02-02 11:28:39','2002-12-23 21:26:55'),
('4','beatae','1999-03-21 19:53:34','1994-09-19 03:13:44'),
('5','qui','1977-04-30 23:59:32','2010-08-02 00:30:13'); 


DROP TABLE IF EXISTS `messages`;
CREATE TABLE `messages` (
  `id` bigint(20) unsigned NOT NULL AUTO_INCREMENT,
  `from_user_id` bigint(20) unsigned NOT NULL,
  `to_user_id` bigint(20) unsigned NOT NULL,
  `body` text COLLATE utf8_unicode_ci DEFAULT NULL,
  `created_at` datetime DEFAULT current_timestamp(),
  PRIMARY KEY (`id`),
  KEY `from_user_id` (`from_user_id`),
  KEY `to_user_id` (`to_user_id`),
  CONSTRAINT `messages_ibfk_1` FOREIGN KEY (`from_user_id`) REFERENCES `users` (`id`),
  CONSTRAINT `messages_ibfk_2` FOREIGN KEY (`to_user_id`) REFERENCES `users` (`id`)
) ENGINE=InnoDB DEFAULT CHARSET=utf8 COLLATE=utf8_unicode_ci;

INSERT INTO `messages` VALUES ('1','1','1','Sapiente ullam doloribus ducimus fugit. Consequatur omnis ut rerum aut in debitis et. Qui dicta sint sit sit quis.','1985-05-10 03:50:53'),
('2','2','2','Excepturi non ut iusto dolores voluptas distinctio quis. Beatae culpa ex autem expedita. Aspernatur enim ipsam blanditiis. Molestiae accusantium mollitia minima soluta.','2020-01-19 15:47:00'),
('3','3','3','Dolorum quia natus est tempore omnis quia est. Culpa hic saepe aliquid est eius in. Est magni accusantium dolorem adipisci quos dolorem. Eum fuga ducimus qui at voluptatem.','2014-12-20 10:07:10'),
('4','4','4','Facere placeat omnis eos ea. Quam maiores autem libero et. Aut et reprehenderit unde voluptas porro voluptatem. In accusamus illo voluptas debitis est error aut.','1990-11-24 18:14:46'),
('5','5','5','Sunt saepe laboriosam rerum. Pariatur ut quis possimus veniam architecto. Nihil voluptate eum qui modi quasi. Voluptas deserunt illum ratione voluptatem aliquid facilis quod numquam.','1981-03-15 13:04:27'),
('6','6','6','Placeat at rem sint totam aut. Voluptate dolores facilis harum a quaerat. Animi nemo et commodi quis aut at impedit.','2010-01-29 14:15:15'),
('7','7','7','Est nihil autem voluptatum eum. Sunt repudiandae aperiam non velit. Exercitationem eum itaque beatae est nostrum eligendi et.','1979-03-06 13:59:52'),
('8','8','8','Aliquam dolores magni impedit optio qui. Libero placeat dolorum aut aut eaque dolor molestias. Ad est dignissimos sed ut harum. Veniam minima maxime facere ipsum vero voluptatem cum voluptatibus.','1996-08-05 07:28:37'),
('9','9','9','Repudiandae assumenda maiores dolores nesciunt ut facilis perspiciatis. Sit ratione consequatur quae.','1972-04-18 11:03:22'),
('10','10','10','Sit facilis earum labore dolores. Quibusdam iure ut aliquid id recusandae. In explicabo nihil delectus quidem excepturi qui.','2009-04-04 19:59:33'),
('11','11','11','Est eos nihil asperiores itaque omnis. Expedita amet voluptate ducimus dolorem ducimus culpa perferendis perspiciatis. Soluta ut quia ab at aliquid nostrum. Qui provident velit ratione dolorum. Iusto officiis eaque error enim maxime in minus harum.','2015-10-03 04:31:26'),
('12','12','12','Et et sit reprehenderit rem voluptatem. Libero nisi cupiditate nobis voluptate commodi est. Et amet tempora minus ipsam. Assumenda hic et nihil.','2007-10-27 00:17:50'),
('13','13','13','Asperiores velit sit voluptatum. Dolore laudantium voluptatum officia officia. Fugiat id eos repudiandae laudantium delectus recusandae.','2015-08-07 03:49:40'),
('14','14','14','Necessitatibus doloribus rem sit nulla soluta pariatur. Amet eum rerum rerum. Iure rem praesentium dolor quo voluptatem. Hic nesciunt facere cumque quibusdam.','2003-09-11 22:48:01'),
('15','15','15','Cum non impedit omnis eum perspiciatis ut. Facilis molestiae rerum et est enim quasi quibusdam quia.','1979-04-08 20:55:42'),
('16','16','16','Accusamus magni amet porro non dolores aut magni in. Veritatis et voluptas dicta itaque quae esse molestias.','1979-06-16 09:14:22'),
('17','17','17','Deserunt provident quis facere repudiandae sed excepturi. Et facere aperiam voluptatibus earum cum non animi eligendi. Deleniti corrupti ipsum magni impedit laboriosam nihil repudiandae. Sed delectus necessitatibus rerum.','2020-01-31 02:59:35'),
('18','18','18','Et sint non sapiente adipisci nulla impedit in incidunt. Dolores assumenda quia assumenda ut dolores. Vero quos nihil quis placeat id.','1971-02-23 22:19:41'),
('19','19','19','Tempore nemo qui non corrupti consequatur. Neque hic sed consequatur nihil voluptates nisi architecto. Libero inventore odio voluptatem tempora quos. Aspernatur ut vel rerum exercitationem nam cumque. Nobis excepturi hic quas sapiente quia aut eos.','2018-08-07 06:36:49'),
('20','20','20','Suscipit amet est rem omnis est autem et. Consequuntur neque et ut vel. Voluptatem ab aperiam temporibus qui eligendi. Tempora neque repellendus optio quo beatae.','1977-12-08 23:36:30'),
('21','21','21','Voluptatem voluptatem nobis qui rerum debitis itaque. Molestias quia quasi doloremque dolor nisi amet. Est illum enim fugiat quo omnis sapiente.','2007-08-11 19:48:36'),
('22','22','22','Adipisci sint aspernatur corporis non. Eveniet quidem voluptatem nam omnis vitae. Sed ab enim quae distinctio et quia quis. Maxime magni sunt voluptas velit quo unde esse.','2002-02-15 10:37:58'),
('23','23','23','Exercitationem incidunt ea officiis consequuntur possimus consequatur. Optio et itaque officiis aspernatur. Consequuntur quasi voluptatem iure ipsum placeat. Esse ratione maiores ut in repellendus.','1983-07-20 16:43:09'),
('24','24','24','Aut iste quas quae magni. Officiis quis in omnis voluptates. Alias voluptas quisquam velit sunt quisquam. Est minima qui laborum quidem itaque nihil ex.','2006-11-27 02:40:20'),
('25','25','25','Fugit magnam quia dolores dicta. Aut facilis dolorem qui repellat odit. Magnam quas est et ut. Neque quia illo perspiciatis quo facilis maxime. Architecto autem veniam veniam mollitia et ut vero atque.','1975-03-15 09:26:34'),
('26','26','26','Soluta aut dicta possimus dignissimos accusamus modi. Occaecati doloremque ratione reiciendis.','2009-10-16 02:16:01'),
('27','27','27','Harum eaque eos veniam possimus quo. Molestias amet ipsam animi sint qui. Asperiores nihil et aut et et.','1987-06-27 04:41:40'),
('28','28','28','Aut delectus ab aut fugiat dicta. Et eum dolores dolor incidunt aperiam sapiente esse. Perferendis consectetur deleniti voluptatem fugit sint qui optio. Et commodi fugiat consectetur eligendi beatae.','1999-03-11 02:22:11'),
('29','29','29','Quis sunt qui culpa aut inventore deleniti laboriosam magni. Nam ex aliquid delectus et. Quo minus id quisquam dolorem. Explicabo eum fuga eum non.','2001-03-06 10:50:17'),
('30','30','30','Explicabo voluptatibus vero pariatur debitis sit quidem nemo reiciendis. Inventore molestiae cumque dolorem officiis aut vero fuga ut. Ullam molestiae sint ea sequi. Numquam vel et cumque eos doloremque nam vel.','2010-05-14 19:04:51'),
('31','31','31','Placeat reprehenderit commodi omnis cumque sed qui. Perferendis voluptatem veritatis nihil voluptatibus atque. Laborum ipsum dolorem incidunt. Non consequatur mollitia voluptatem voluptatem.','1996-09-03 05:02:51'),
('32','32','32','Nihil perspiciatis officiis et tenetur provident at in. Ipsam natus eum consectetur dicta.','2003-11-28 02:26:32'),
('33','33','33','Quia similique nihil autem temporibus dolores. Molestias iure dicta enim et ad. Aut corrupti est asperiores sunt.','1988-05-02 06:07:11'),
('34','34','34','Ipsa ad laborum cum cumque sint et. Eaque nihil assumenda ut est et. Natus quidem nam et. Maiores minus illum temporibus perspiciatis.','1979-02-23 10:14:47'),
('35','35','35','Praesentium neque autem tempore odit autem. Vel consequatur voluptatem eum est voluptate. Quis numquam omnis veritatis rerum qui reiciendis.','2011-04-24 13:05:22'),
('36','36','36','Recusandae voluptatem soluta ea neque voluptatibus. Nam sint minus autem voluptates. Perferendis aut quia quaerat aspernatur unde voluptas et.','2008-01-14 12:43:18'),
('37','37','37','Qui sequi dolorem nihil sequi ipsa atque. Consequatur accusamus sunt unde nam delectus ipsum officiis. Temporibus sint alias natus sequi.','1981-04-05 19:05:13'),
('38','38','38','Molestiae odio saepe ex rerum recusandae quis. Laboriosam et commodi soluta maiores. Voluptas cumque numquam qui magnam. Repellendus nisi hic at excepturi culpa.','2008-06-20 05:36:24'),
('39','39','39','Placeat adipisci voluptatem impedit et minima hic. Illum quod in et. Vitae quaerat ea consequuntur non maiores.','2006-08-30 04:32:47'),
('40','40','40','Ullam doloremque alias non est sit. Dolorum nisi quaerat totam dolores reiciendis. Voluptates atque quas dolore.','2010-07-27 10:37:49'),
('41','41','41','Et laborum et quo ut vitae. Ut et dicta excepturi temporibus laudantium.','1997-11-26 03:04:11'),
('42','42','42','Maxime voluptatem tenetur fuga eos et. Maxime ad quasi deserunt quia fuga quia. Voluptas accusamus porro recusandae officiis aliquid consequatur. Sapiente quo reprehenderit voluptate optio deserunt odit omnis.','1980-07-21 13:13:59'),
('43','43','43','Quia molestiae aut doloremque ut. Rerum repudiandae ullam officia debitis officia. Et eveniet sed sit sequi dicta voluptatem.','1980-08-03 05:42:53'),
('44','44','44','At qui molestiae aut occaecati aperiam aliquid recusandae. Non maiores velit perferendis quo. Et consequuntur et qui voluptas explicabo nostrum. Nisi nihil alias nam aut iste id ipsa minima.','1987-08-23 14:58:52'),
('45','45','45','Non officiis molestias distinctio. Est non qui qui id distinctio magnam. Esse deleniti ullam velit non consectetur aut voluptatibus. Commodi itaque neque eos.','2014-08-17 18:57:14'),
('46','46','46','Molestiae voluptatum et non rerum minus adipisci natus. Deleniti saepe expedita veniam amet mollitia. Quas cupiditate sit iste omnis culpa autem. Architecto ea molestiae nostrum accusantium libero.','1991-11-09 10:29:12'),
('47','47','47','Tempora cumque molestias ut reiciendis ea quia. Nemo sit repudiandae quia porro aut. Dicta iure minima dolores non et aperiam. Soluta architecto incidunt ullam labore et vel et. Qui ipsa laudantium eveniet dignissimos laudantium.','2018-08-14 15:43:30'),
('48','48','48','Nihil qui officiis modi optio et aut non. Cumque aut et ipsam ut consequatur aut. Reiciendis et in facere quae possimus. Aut veniam asperiores fugiat voluptates rerum ut.','2012-05-24 11:54:53'),
('49','49','49','Esse aut asperiores distinctio asperiores rem rerum. Voluptas illo laboriosam nulla impedit facere nisi. Vero nam rerum illum dolorum doloribus quia.','1994-01-02 23:08:37'),
('50','50','50','Autem odit adipisci corrupti optio et molestiae. Incidunt voluptas unde ut voluptas laboriosam.','2016-07-05 23:53:29'),
('51','51','51','Tenetur rerum id eos reprehenderit quisquam omnis sint. Aliquid architecto optio voluptatum. Corporis consequuntur vel ea veritatis eveniet. Quasi animi nobis fuga sint nisi omnis quibusdam inventore.','2013-12-11 01:11:49'),
('52','52','52','Facilis ut necessitatibus aut error. Rerum ad tempora accusantium aut exercitationem ex. Iusto natus fugiat maiores voluptatem.','1987-04-06 08:43:59'),
('53','53','53','Officia ipsum et qui asperiores esse. Beatae velit omnis vel quae.','2020-02-12 01:53:05'),
('54','54','54','Non commodi ratione quia autem qui. Perspiciatis optio sunt expedita et tenetur. Voluptatum facere quis ex quia animi est et. Provident harum fuga autem.','1992-02-20 23:51:38'),
('55','55','55','Corrupti quisquam aut laboriosam praesentium quo. Saepe fugiat veritatis sint ipsam excepturi. Fuga sint vitae laborum delectus.','1991-04-05 07:00:55'),
('56','56','56','Corrupti ad sed qui. Assumenda vero ratione dolor rerum debitis et rerum. Quidem et praesentium maxime fugiat.','1972-06-12 10:45:49'),
('57','57','57','Ipsam vel ut dolor consectetur ut sapiente. Aliquam aut nobis voluptatem aspernatur et consectetur molestiae quia. Earum nulla vitae et eligendi reprehenderit sed.','2019-11-07 13:09:27'),
('58','58','58','Tempore aut nam architecto fugit in error sequi id. Qui non sapiente voluptatem maiores nihil quod officiis atque. Non deserunt temporibus similique qui quas et voluptatem. Et molestias ratione autem omnis repellat.','1984-09-08 21:50:25'),
('59','59','59','Vero et dolores necessitatibus tempore architecto odit accusantium. Quae et autem beatae excepturi doloribus nisi.','1978-11-17 13:24:49'),
('60','60','60','Voluptas autem aspernatur sapiente labore aspernatur sunt. Et error alias magni qui incidunt voluptate incidunt blanditiis. Dolorem est animi et enim et eligendi voluptatem. Et totam aliquid deleniti nulla et.','1981-10-03 14:49:22'),
('61','61','61','Et et occaecati in totam eos ducimus. Harum eos voluptatem placeat consectetur dolores eum occaecati. Molestias dolorum facilis nulla quia ullam est voluptatem quos.','1977-09-02 01:51:17'),
('62','62','62','Necessitatibus reprehenderit voluptatem optio officia impedit sunt accusamus. Minus aut perspiciatis atque rerum et qui. Accusantium ipsa ea possimus minus sint laudantium.','2004-07-09 21:47:50'),
('63','63','63','Aperiam est veniam vel nulla. Eius omnis eum laborum aut. Hic qui aliquam sequi fuga ipsam.','2017-05-12 12:46:30'),
('64','64','64','Sed dolores molestias pariatur cumque accusantium officia. Modi deleniti rerum velit autem. Doloribus accusamus harum ut.','1973-01-09 21:01:57'),
('65','65','65','Reprehenderit rerum amet eius modi harum voluptatem. Amet dolores nihil perspiciatis dolor. Dignissimos nihil consequatur quae est iste iusto harum sit.','1998-09-25 07:59:20'),
('66','66','66','Nostrum rerum assumenda natus ullam et enim vel. Rerum voluptatibus quia dicta dolores. Dolor sed dolor qui sapiente nihil consequuntur sed. Architecto non blanditiis non rerum labore velit libero.','2007-10-19 09:54:09'),
('67','67','67','Saepe amet dicta fuga. Tenetur et quam sunt nobis animi doloremque id et. Minus et maxime qui vitae a. Ut aut accusantium non et dolor asperiores. In quia maiores voluptas similique.','1991-07-01 10:05:00'),
('68','68','68','Et quae voluptatem iste. Est qui sed soluta itaque dolores. Possimus doloribus explicabo amet sunt et. Occaecati sequi eligendi voluptatem ducimus corrupti commodi eos.','1986-05-07 15:49:24'),
('69','69','69','Impedit ducimus doloremque est reiciendis sit consequatur est magni. Earum ut qui provident occaecati. Et velit perspiciatis et est veniam at ullam.','2016-08-23 20:36:19'),
('70','70','70','Adipisci ex minus in ratione qui reiciendis. Non in quia maxime exercitationem. Omnis ut distinctio ut dicta ut quia. Atque exercitationem corrupti quis.','1981-01-07 02:32:04'),
('71','71','71','Itaque consequuntur sapiente voluptatibus. Beatae dolores delectus sint quo atque sequi consequatur. Harum quo necessitatibus reprehenderit assumenda sunt.','1977-03-30 21:53:16'),
('72','72','72','Distinctio est eligendi aut sunt aut placeat. Dolorem non alias iusto rerum dolorem ut et distinctio. Suscipit iure suscipit corrupti in.','2008-08-17 13:01:13'),
('73','73','73','Dolor quas totam voluptas enim et quaerat. Eveniet voluptatem aut impedit quia. Sed dolor rerum enim blanditiis. Odio ut nemo ut perferendis dignissimos. Maiores minima nihil ducimus doloribus est amet.','1994-06-29 08:54:07'),
('74','74','74','In quo ipsam nulla illum labore omnis. Et amet accusantium officiis odit sint qui aliquam nostrum. Dolores aut est magni. Alias eaque eligendi quidem.','1998-12-10 14:54:49'),
('75','75','75','Molestiae dignissimos eligendi reprehenderit reprehenderit expedita. Sequi consequatur assumenda placeat a. Maiores accusamus magnam voluptatem et voluptatem eum.','1993-06-29 08:52:31'),
('76','76','76','Veniam hic laudantium recusandae corrupti voluptatem. Quia corporis a non consequatur illum amet facilis. Repellendus nam non qui ut nulla. Magnam aut et quae quod maiores corporis.','2004-05-09 16:37:40'),
('77','77','77','Quam consectetur commodi eum molestias. Error sed est ut hic ab iure eligendi tenetur. Et quis atque vero quis eaque fugiat vero. Sit id sit eius enim placeat.','2019-05-19 10:16:23'),
('78','78','78','Dolorum autem quod amet ratione quo quae aperiam. Dignissimos consectetur libero et quia. Sunt magni ducimus ea vel enim.','1982-07-27 16:34:27'),
('79','79','79','Enim aut officia quasi perferendis est minima laborum. Sit impedit ut quis.','1986-05-20 20:48:56'),
('80','80','80','Veritatis libero iste voluptatem est. Excepturi odit velit tenetur ut in. Occaecati laudantium facilis est rerum rerum facere voluptates ipsa. Voluptatibus laborum distinctio dolorem est.','1971-09-01 08:55:24'),
('81','81','81','Alias qui aut omnis sed voluptatem dolor aut sunt. Ex ipsum omnis est cum qui voluptas et qui. Sit aut amet magni consequuntur.','1971-07-07 01:11:44'),
('82','82','82','Dolor libero hic enim architecto saepe cumque sit ab. Est quasi exercitationem consectetur mollitia illum tenetur velit. Vel alias minima sit adipisci. Eveniet quia recusandae distinctio ut at vel.','1974-06-06 04:14:58'),
('83','83','83','Fuga qui voluptas temporibus ut ex illum. Assumenda et architecto cum consectetur voluptatem. Soluta ad omnis similique aut id. Iste sed et dicta vitae. Eos praesentium repellendus ipsum at et cupiditate.','1984-12-08 07:01:08'),
('84','84','84','Est dicta harum dolorem unde. Aut inventore earum non aut possimus voluptates a. Sunt aliquid dolorum sed quasi.','2001-07-28 00:14:16'),
('85','85','85','Nihil aut sed facere nisi quis maiores. Id velit exercitationem facilis non sint. Aliquam ipsa qui commodi optio. Deleniti aut id quod ut amet blanditiis ipsam.','1983-03-15 08:18:27'),
('86','86','86','Enim accusantium voluptates est voluptatibus dolorem. Dolores nihil dolorum sapiente rem ea expedita deserunt. Veniam dolorum cumque debitis vel et. Tenetur aut laboriosam et sed aut et provident.','1993-09-25 07:56:09'),
('87','87','87','Voluptatibus adipisci corporis ut eum quibusdam qui. Minima tempora animi temporibus unde. Blanditiis ea amet quo odio sit non impedit. Consequuntur qui eius aut facere est sed.','2017-05-08 23:19:02'),
('88','88','88','Consequatur autem sed aut omnis voluptate. Aliquid quisquam rem cupiditate explicabo voluptas. Nihil non omnis nobis sint consequatur qui et.','2006-10-26 05:50:54'),
('89','89','89','Veniam voluptatem repellendus repellendus quia. Omnis et blanditiis eligendi dicta dolores. Quasi et et quae.','2011-02-02 03:43:57'),
('90','90','90','Totam deserunt dolor et omnis totam nam amet. Et odit nihil cumque impedit voluptas et qui. Consectetur error quia eum magnam. Laudantium quasi tenetur recusandae officiis aut enim.','1983-09-13 00:20:48'),
('91','91','91','Facilis omnis autem doloribus et maiores. Explicabo non consequuntur aliquid nam aliquam. Assumenda rerum id dolores voluptas.','1998-04-27 12:05:39'),
('92','92','92','Necessitatibus quaerat dolore architecto voluptate molestiae sit illum id. Tempore praesentium doloremque autem. Totam laudantium veritatis deleniti eum quia voluptas.','2011-10-12 17:21:05'),
('93','93','93','Occaecati totam atque aut dolor est illo sit. Consequatur consequuntur in et fugiat vel. Quos culpa officiis autem voluptatem sit omnis. Facilis corrupti ducimus error sint architecto.','1987-06-21 10:18:27'),
('94','94','94','Autem accusamus molestias ratione totam alias culpa. Sint quia est et quibusdam ex animi harum saepe. Et molestiae quaerat quis quae dolorem eligendi ut.','1991-11-19 13:12:31'),
('95','95','95','Maxime facilis rem magnam harum. Sed aspernatur similique voluptatem optio. Et tenetur perspiciatis sed assumenda.','1973-02-05 13:10:34'),
('96','96','96','Rem nihil dolore omnis nisi vel. Recusandae officia atque dolore deleniti ex. Mollitia doloribus vel voluptates voluptate optio.','1990-07-11 23:54:09'),
('97','97','97','Modi earum ab est. Quia vitae modi sed accusantium voluptatum minima laboriosam. Odit eius occaecati tempora nesciunt nam.','1987-07-12 22:22:11'),
('98','98','98','Quae velit nulla exercitationem iusto. Atque est repellat voluptatem molestiae ratione eos dolorum.','1994-08-03 19:30:30'),
('99','99','99','Illum voluptas sed consequatur praesentium ea iure. Corrupti quisquam velit laborum maxime. Harum non odio voluptate ullam iure sunt et. Nesciunt sunt beatae eum.','1986-06-20 03:56:46'),
('100','100','100','Hic commodi atque dolorum quia. Harum et quibusdam qui aliquam. Molestiae excepturi molestiae cum incidunt culpa at.','1993-08-23 06:21:31'); 

DROP TABLE IF EXISTS `photo_albums`;
CREATE TABLE `photo_albums` (
  `id` bigint(20) unsigned NOT NULL AUTO_INCREMENT,
  `name` varchar(255) COLLATE utf8_unicode_ci DEFAULT NULL,
  `user_id` bigint(20) unsigned DEFAULT NULL,
  PRIMARY KEY (`id`),
  UNIQUE KEY `id` (`id`),
  KEY `user_id` (`user_id`),
  CONSTRAINT `photo_albums_ibfk_1` FOREIGN KEY (`user_id`) REFERENCES `users` (`id`)
) ENGINE=InnoDB AUTO_INCREMENT=101 DEFAULT CHARSET=utf8 COLLATE=utf8_unicode_ci;

INSERT INTO `photo_albums` VALUES ('1','perferendis','1'),
('2','voluptas','2'),
('3','fugit','3'),
('4','praesentium','4'),
('5','natus','5'),
('6','incidunt','6'),
('7','voluptate','7'),
('8','et','8'),
('9','corrupti','9'),
('10','nihil','10'),
('11','deleniti','11'),
('12','at','12'),
('13','quos','13'),
('14','reprehenderit','14'),
('15','eligendi','15'),
('16','maiores','16'),
('17','nihil','17'),
('18','rerum','18'),
('19','possimus','19'),
('20','consectetur','20'),
('21','incidunt','21'),
('22','voluptas','22'),
('23','aut','23'),
('24','cum','24'),
('25','repudiandae','25'),
('26','et','26'),
('27','vero','27'),
('28','esse','28'),
('29','modi','29'),
('30','quis','30'),
('31','rerum','31'),
('32','et','32'),
('33','aut','33'),
('34','alias','34'),
('35','perferendis','35'),
('36','nisi','36'),
('37','ab','37'),
('38','dolorum','38'),
('39','dignissimos','39'),
('40','officiis','40'),
('41','beatae','41'),
('42','libero','42'),
('43','ut','43'),
('44','ipsum','44'),
('45','tenetur','45'),
('46','sint','46'),
('47','facere','47'),
('48','dolores','48'),
('49','et','49'),
('50','quia','50'),
('51','natus','51'),
('52','beatae','52'),
('53','et','53'),
('54','tempore','54'),
('55','beatae','55'),
('56','omnis','56'),
('57','qui','57'),
('58','aliquid','58'),
('59','ipsam','59'),
('60','quidem','60'),
('61','laudantium','61'),
('62','ab','62'),
('63','odio','63'),
('64','minus','64'),
('65','est','65'),
('66','deserunt','66'),
('67','ullam','67'),
('68','odit','68'),
('69','temporibus','69'),
('70','qui','70'),
('71','veritatis','71'),
('72','quia','72'),
('73','facilis','73'),
('74','ratione','74'),
('75','enim','75'),
('76','ipsam','76'),
('77','sed','77'),
('78','perspiciatis','78'),
('79','at','79'),
('80','eum','80'),
('81','dolor','81'),
('82','nobis','82'),
('83','alias','83'),
('84','soluta','84'),
('85','earum','85'),
('86','earum','86'),
('87','impedit','87'),
('88','est','88'),
('89','et','89'),
('90','tempora','90'),
('91','aliquid','91'),
('92','assumenda','92'),
('93','quia','93'),
('94','distinctio','94'),
('95','ducimus','95'),
('96','laborum','96'),
('97','voluptatem','97'),
('98','occaecati','98'),
('99','autem','99'),
('100','praesentium','100'); 


DROP TABLE IF EXISTS `photos`;
CREATE TABLE `photos` (
  `id` bigint(20) unsigned NOT NULL AUTO_INCREMENT,
  `album_id` bigint(20) unsigned NOT NULL,
  `media_id` bigint(20) unsigned NOT NULL,
  PRIMARY KEY (`id`),
  KEY `album_id` (`album_id`),
  KEY `media_id` (`media_id`),
  CONSTRAINT `photos_ibfk_1` FOREIGN KEY (`album_id`) REFERENCES `photo_albums` (`id`),
  CONSTRAINT `photos_ibfk_2` FOREIGN KEY (`media_id`) REFERENCES `media` (`id`)
) ENGINE=InnoDB AUTO_INCREMENT=101 DEFAULT CHARSET=utf8 COLLATE=utf8_unicode_ci;

INSERT INTO `photos` VALUES ('1','1','1'),
('2','2','2'),
('3','3','3'),
('4','4','4'),
('5','5','5'),
('6','6','6'),
('7','7','7'),
('8','8','8'),
('9','9','9'),
('10','10','10'),
('11','11','11'),
('12','12','12'),
('13','13','13'),
('14','14','14'),
('15','15','15'),
('16','16','16'),
('17','17','17'),
('18','18','18'),
('19','19','19'),
('20','20','20'),
('21','21','21'),
('22','22','22'),
('23','23','23'),
('24','24','24'),
('25','25','25'),
('26','26','26'),
('27','27','27'),
('28','28','28'),
('29','29','29'),
('30','30','30'),
('31','31','31'),
('32','32','32'),
('33','33','33'),
('34','34','34'),
('35','35','35'),
('36','36','36'),
('37','37','37'),
('38','38','38'),
('39','39','39'),
('40','40','40'),
('41','41','41'),
('42','42','42'),
('43','43','43'),
('44','44','44'),
('45','45','45'),
('46','46','46'),
('47','47','47'),
('48','48','48'),
('49','49','49'),
('50','50','50'),
('51','51','51'),
('52','52','52'),
('53','53','53'),
('54','54','54'),
('55','55','55'),
('56','56','56'),
('57','57','57'),
('58','58','58'),
('59','59','59'),
('60','60','60'),
('61','61','61'),
('62','62','62'),
('63','63','63'),
('64','64','64'),
('65','65','65'),
('66','66','66'),
('67','67','67'),
('68','68','68'),
('69','69','69'),
('70','70','70'),
('71','71','71'),
('72','72','72'),
('73','73','73'),
('74','74','74'),
('75','75','75'),
('76','76','76'),
('77','77','77'),
('78','78','78'),
('79','79','79'),
('80','80','80'),
('81','81','81'),
('82','82','82'),
('83','83','83'),
('84','84','84'),
('85','85','85'),
('86','86','86'),
('87','87','87'),
('88','88','88'),
('89','89','89'),
('90','90','90'),
('91','91','91'),
('92','92','92'),
('93','93','93'),
('94','94','94'),
('95','95','95'),
('96','96','96'),
('97','97','97'),
('98','98','98'),
('99','99','99'),
('100','100','100'); 


DROP TABLE IF EXISTS `profiles`;
CREATE TABLE `profiles` (
  `user_id` bigint(20) unsigned NOT NULL AUTO_INCREMENT,
  `gender` char(1) COLLATE utf8_unicode_ci DEFAULT NULL,
  `birthday` date DEFAULT NULL,
  `photo_id` bigint(20) unsigned DEFAULT NULL,
  `created_at` datetime DEFAULT current_timestamp(),
  `hometown` varchar(100) COLLATE utf8_unicode_ci DEFAULT NULL,
  PRIMARY KEY (`user_id`),
  CONSTRAINT `fk_user_id` FOREIGN KEY (`user_id`) REFERENCES `users` (`id`) ON DELETE NO ACTION ON UPDATE CASCADE
) ENGINE=InnoDB AUTO_INCREMENT=101 DEFAULT CHARSET=utf8 COLLATE=utf8_unicode_ci;

INSERT INTO `profiles` VALUES ('1',NULL,'1977-05-14','1','1992-08-18 14:57:12',NULL),
('2',NULL,'1974-11-23','2','1994-07-18 01:24:23',NULL),
('3',NULL,'2003-05-19','3','1972-06-09 20:45:12',NULL),
('4',NULL,'2012-01-21','4','2009-07-30 23:36:41',NULL),
('5',NULL,'1998-05-27','5','1975-07-14 05:49:18',NULL),
('6',NULL,'2018-05-13','6','1982-09-03 15:19:47',NULL),
('7',NULL,'2004-04-07','7','1994-01-17 22:27:06',NULL),
('8',NULL,'1995-12-01','8','1986-05-08 21:34:33',NULL),
('9',NULL,'1997-09-29','9','1992-08-15 03:04:35',NULL),
('10',NULL,'1985-12-31','10','1994-06-06 15:29:08',NULL),
('11',NULL,'2003-04-03','11','2008-11-10 20:15:09',NULL),
('12',NULL,'1978-03-21','12','1998-08-01 21:05:58',NULL),
('13',NULL,'2007-05-06','13','2018-07-31 01:28:24',NULL),
('14',NULL,'2012-02-14','14','2003-10-01 19:34:15',NULL),
('15',NULL,'1996-02-17','15','2008-05-14 09:33:19',NULL),
('16',NULL,'1977-05-17','16','1989-05-19 13:30:05',NULL),
('17',NULL,'2001-11-18','17','1976-11-07 01:37:46',NULL),
('18',NULL,'1983-07-26','18','1994-05-27 10:48:15',NULL),
('19',NULL,'1976-10-01','19','2009-02-05 09:45:28',NULL),
('20',NULL,'1995-01-02','20','1978-08-29 23:18:24',NULL),
('21',NULL,'1997-11-04','21','1978-03-19 17:53:51',NULL),
('22',NULL,'2001-12-18','22','2013-06-24 06:17:24',NULL),
('23',NULL,'1971-09-18','23','2008-04-07 16:57:27',NULL),
('24',NULL,'2019-01-08','24','1989-12-30 04:38:45',NULL),
('25',NULL,'1982-12-04','25','2000-05-01 14:10:34',NULL),
('26',NULL,'2007-07-09','26','1987-05-09 06:50:38',NULL),
('27',NULL,'1991-11-04','27','2009-12-16 19:42:21',NULL),
('28',NULL,'2016-03-30','28','1987-04-20 11:11:21',NULL),
('29',NULL,'1971-10-05','29','2005-05-20 14:32:56',NULL),
('30',NULL,'2001-06-30','30','1970-05-02 14:42:29',NULL),
('31',NULL,'1977-05-16','31','1982-01-23 02:14:46',NULL),
('32',NULL,'1991-05-13','32','2011-07-31 11:50:49',NULL),
('33',NULL,'2008-10-26','33','2014-11-03 12:38:44',NULL),
('34',NULL,'1990-02-05','34','1994-08-06 08:50:32',NULL),
('35',NULL,'2008-12-08','35','1992-08-31 12:53:23',NULL),
('36',NULL,'1976-11-03','36','1989-09-24 21:01:30',NULL),
('37',NULL,'1985-05-16','37','1973-08-04 01:13:49',NULL),
('38',NULL,'2007-03-28','38','1981-11-07 09:08:06',NULL),
('39',NULL,'1977-03-14','39','1992-09-13 17:00:19',NULL),
('40',NULL,'1987-07-13','40','1992-04-25 08:46:59',NULL),
('41',NULL,'1982-07-20','41','2004-11-28 10:14:35',NULL),
('42',NULL,'1971-11-13','42','1979-12-02 22:00:38',NULL),
('43',NULL,'1981-03-06','43','1976-08-14 05:15:51',NULL),
('44',NULL,'1991-08-23','44','1986-04-04 07:13:27',NULL),
('45',NULL,'1997-04-28','45','2014-03-06 06:42:15',NULL),
('46',NULL,'2002-07-08','46','2009-08-12 20:32:07',NULL),
('47',NULL,'1984-05-02','47','2004-08-10 00:44:32',NULL),
('48',NULL,'2016-02-01','48','1985-05-17 00:26:33',NULL),
('49',NULL,'1989-11-20','49','1996-12-21 22:21:55',NULL),
('50',NULL,'1992-07-08','50','1985-07-21 15:56:27',NULL),
('51',NULL,'1982-02-10','51','1975-08-18 18:45:51',NULL),
('52',NULL,'1993-09-17','52','2012-01-14 02:33:06',NULL),
('53',NULL,'2005-04-01','53','1984-11-28 14:20:37',NULL),
('54',NULL,'1975-09-04','54','2019-11-04 16:47:54',NULL),
('55',NULL,'2018-12-07','55','2008-10-26 23:18:55',NULL),
('56',NULL,'1983-08-21','56','1981-03-23 10:53:39',NULL),
('57',NULL,'1980-03-03','57','1982-06-12 20:32:54',NULL),
('58',NULL,'2017-10-20','58','2006-12-17 13:25:05',NULL),
('59',NULL,'1975-12-19','59','2007-06-15 11:44:38',NULL),
('60',NULL,'2012-02-11','60','1985-11-18 10:40:42',NULL),
('61',NULL,'2014-06-29','61','1988-11-07 06:09:02',NULL),
('62',NULL,'1970-01-15','62','1983-04-06 05:58:04',NULL),
('63',NULL,'1971-06-18','63','2014-12-25 08:06:05',NULL),
('64',NULL,'2001-08-01','64','1980-08-07 04:18:09',NULL),
('65',NULL,'2008-10-02','65','1973-10-29 14:08:54',NULL),
('66',NULL,'2011-11-01','66','1977-05-29 01:23:41',NULL),
('67',NULL,'1973-04-12','67','2015-08-25 03:23:28',NULL),
('68',NULL,'2006-09-07','68','2012-09-21 17:20:42',NULL),
('69',NULL,'2010-09-19','69','2015-04-16 14:57:08',NULL),
('70',NULL,'1970-03-24','70','1998-09-06 12:27:08',NULL),
('71',NULL,'1987-04-19','71','2006-09-22 19:55:43',NULL),
('72',NULL,'1998-11-07','72','1985-01-29 07:33:56',NULL),
('73',NULL,'2014-04-02','73','2004-01-25 10:54:19',NULL),
('74',NULL,'2016-11-21','74','1999-05-15 16:19:48',NULL),
('75',NULL,'2012-01-24','75','2013-12-04 21:17:54',NULL),
('76',NULL,'2001-09-08','76','2014-06-25 19:30:55',NULL),
('77',NULL,'1990-08-04','77','1979-03-15 07:21:26',NULL),
('78',NULL,'2010-08-05','78','2008-04-22 12:18:14',NULL),
('79',NULL,'1977-09-05','79','2015-05-16 09:16:43',NULL),
('80',NULL,'2014-12-23','80','1983-07-15 17:40:16',NULL),
('81',NULL,'2003-11-29','81','1996-04-04 01:00:21',NULL),
('82',NULL,'1987-05-24','82','1970-11-02 12:43:21',NULL),
('83',NULL,'1972-01-16','83','2014-01-21 19:37:21',NULL),
('84',NULL,'1993-10-31','84','1994-08-28 16:52:22',NULL),
('85',NULL,'2016-12-21','85','1991-08-11 16:35:19',NULL),
('86',NULL,'2001-06-24','86','1983-08-13 23:33:16',NULL),
('87',NULL,'2004-04-12','87','2014-01-01 11:41:30',NULL),
('88',NULL,'2010-03-09','88','1984-10-03 00:43:03',NULL),
('89',NULL,'2019-04-11','89','1971-06-13 13:35:49',NULL),
('90',NULL,'1978-09-25','90','1998-08-23 18:16:41',NULL),
('91',NULL,'2011-10-05','91','2009-06-22 15:04:59',NULL),
('92',NULL,'1976-04-22','92','2017-10-10 18:40:53',NULL),
('93',NULL,'1972-05-02','93','1982-02-10 19:41:47',NULL),
('94',NULL,'1985-01-19','94','2013-04-14 08:25:53',NULL),
('95',NULL,'1983-11-11','95','1975-05-14 17:04:20',NULL),
('96',NULL,'2018-07-23','96','2018-11-06 19:08:08',NULL),
('97',NULL,'1974-08-23','97','1982-03-24 17:26:54',NULL),
('98',NULL,'1973-07-13','98','1976-04-10 08:31:38',NULL),
('99',NULL,'2006-05-01','99','1996-09-25 09:56:11',NULL),
('100',NULL,'2001-05-18','100','2019-12-25 00:22:15',NULL); 


DROP TABLE IF EXISTS `users`;
CREATE TABLE `users` (
  `id` bigint(20) unsigned NOT NULL AUTO_INCREMENT,
  `firstname` varchar(50) COLLATE utf8_unicode_ci DEFAULT NULL,
  `lastname` varchar(50) COLLATE utf8_unicode_ci DEFAULT NULL COMMENT '',
  `email` varchar(120) COLLATE utf8_unicode_ci DEFAULT NULL,
  `phone` bigint(20) DEFAULT NULL,
  PRIMARY KEY (`id`),
  UNIQUE KEY `email` (`email`),
  KEY `users_firstname_lastname_idx` (`firstname`,`lastname`)
) ENGINE=InnoDB AUTO_INCREMENT=101 DEFAULT CHARSET=utf8 COLLATE=utf8_unicode_ci;

INSERT INTO `users` VALUES ('1','Adele','Strosin','kling.hope@example.org','97'),
('2','Tanya','Kutch','clarabelle.bashirian@example.com','24'),
('3','Prince','Ankunding','jspinka@example.net','138'),
('4','Maxime','Tromp','smith.lue@example.com','0'),
('5','Ernest','Lockman','dana02@example.org','1'),
('6','Dereck','Wolf','bd\'amore@example.org','9'),
('7','Addie','Raynor','minnie59@example.com','293'),
('8','Webster','Koepp','camron79@example.com','762'),
('9','Therese','Jacobs','turner.colleen@example.com','0'),
('10','Beulah','Corwin','aileen.goodwin@example.org','0'),
('11','Ozella','Wehner','egleichner@example.com','0'),
('12','Patience','Jenkins','pkerluke@example.net','988'),
('13','Bobby','Haag','colleen13@example.org','506'),
('14','Alisa','Fahey','hills.curt@example.org','1'),
('15','Elisa','Kulas','dallas45@example.org','19'),
('16','Jolie','Emmerich','uvandervort@example.net','0'),
('17','Frederique','Schiller','klein.maria@example.net','372'),
('18','Bethany','Klein','carroll.ova@example.net','1'),
('19','Shana','Kub','damian00@example.com','1'),
('20','Aryanna','VonRueden','dkirlin@example.org','3130999130'),
('21','Berenice','Blick','myriam.renner@example.net','0'),
('22','Ali','Wolff','nfahey@example.com','318556'),
('23','Jerel','Stamm','gabrielle.windler@example.com','634538'),
('24','Adriana','Predovic','emmy57@example.com','3609'),
('25','Harley','Howell','jude.wolff@example.com','0'),
('26','Myrtle','Corwin','graham.ludwig@example.com','1'),
('27','Hailee','Hahn','cassie.yost@example.org','914'),
('28','Kasandra','Howell','bridgette03@example.net','325'),
('29','Efren','Harris','herzog.selena@example.org','6036719931'),
('30','Violet','Harris','larson.kenneth@example.com','601183'),
('31','Arch','Friesen','nayeli.turner@example.com','80'),
('32','Haylee','Kilback','eichmann.demetris@example.net','1'),
('33','Dell','Turner','ayana.quitzon@example.com','650456'),
('34','Gerry','Padberg','koepp.kane@example.com','0'),
('35','Nelda','Botsford','austen.dach@example.org','741'),
('36','Aron','Farrell','tomasa61@example.net','982'),
('37','Otis','Glover','jana.jones@example.org','0'),
('38','Brown','Jast','nicholas95@example.org','709586'),
('39','Ellsworth','Rosenbaum','pacocha.daron@example.org','0'),
('40','Trent','Ledner','toney.lockman@example.com','7'),
('41','Leland','Grimes','vince.trantow@example.net','691505'),
('42','Ashton','Bayer','rogelio38@example.net','1'),
('43','Marie','VonRueden','bria59@example.com','322305132'),
('44','Beatrice','Boehm','dillon51@example.net','95'),
('45','Lucy','Hartmann','finn.strosin@example.net','741'),
('46','Gabe','Powlowski','antonietta.koelpin@example.com','9821536097'),
('47','Willard','Effertz','velda.keebler@example.com','0'),
('48','Nicolette','Wunsch','ibernhard@example.com','709'),
('49','Alden','Koelpin','shanie.volkman@example.org','1'),
('50','Brody','Roberts','jdubuque@example.net','0'),
('51','Freeman','Rice','harley.schmitt@example.com','390'),
('52','Marian','Stehr','cordia53@example.com','807'),
('53','Ivah','Spencer','ffeest@example.com','1'),
('54','Chandler','Reichel','justina.daugherty@example.com','92'),
('55','Sydnie','Kovacek','tristian.lynch@example.net','725222'),
('56','Darion','Jones','jacobi.dana@example.com','88'),
('57','Bernard','Hilpert','bfisher@example.org','1'),
('58','Sabrina','Bartell','satterfield.blair@example.net','443'),
('59','Joelle','Miller','garry63@example.net','0'),
('60','Taryn','Spinka','kherman@example.com','41'),
('61','Fae','Stehr','felicia.marks@example.org','228391'),
('62','Virgie','Dare','tia.ryan@example.org','198550'),
('63','Lyda','Waters','rcartwright@example.com','0'),
('64','Rickey','Carter','quitzon.esperanza@example.net','0'),
('65','Georgette','Streich','hhowe@example.com','1'),
('66','Jevon','Rogahn','osporer@example.org','99'),
('67','Reggie','Stiedemann','purdy.betsy@example.org','0'),
('68','Cassidy','Swift','jenifer72@example.org','1'),
('69','Owen','Schuster','o\'kon.luther@example.com','0'),
('70','Jamar','Kilback','corkery.moses@example.org','821'),
('71','Judge','Hayes','fgoyette@example.org','7263993775'),
('72','Logan','Olson','libby10@example.org','432973'),
('73','Schuyler','Kirlin','mhand@example.org','1'),
('74','Carlos','Kutch','christian99@example.net','979889'),
('75','Avis','Jacobs','mullrich@example.net','564040'),
('76','Tressa','Trantow','dariana59@example.com','0'),
('77','Aletha','O\'Kon','garland.streich@example.org','905'),
('78','Halle','Mayert','wwuckert@example.com','0'),
('79','Priscilla','Miller','colby.feest@example.org','659065'),
('80','Jerald','Parisian','nels77@example.org','1'),
('81','Fatima','Fahey','ayden.bergnaum@example.com','363465'),
('82','Amelie','Beier','rhoda33@example.com','82'),
('83','Filomena','Ward','uhirthe@example.org','1'),
('84','Letha','Reynolds','timmy50@example.net','1'),
('85','Nikita','Gleichner','darrion.schoen@example.com','700'),
('86','Erick','Conn','schuppe.gloria@example.net','1'),
('87','Vaughn','Gleichner','ankunding.heath@example.net','1'),
('88','Margret','Howell','mervin13@example.org','1'),
('89','Coleman','Hickle','esteban.lehner@example.net','52'),
('90','Rebeca','Raynor','jeremie.durgan@example.org','866'),
('91','Dahlia','Schowalter','dion.koch@example.org','312255025'),
('92','Pierce','Rice','crona.kade@example.net','9889349382'),
('93','Eino','Mante','erowe@example.net','1'),
('94','Ambrose','Tremblay','shoeger@example.com','275094'),
('95','Lowell','Bashirian','hansen.wellington@example.com','1'),
('96','Daija','Fay','stephania.tromp@example.org','666'),
('97','River','Morar','asia.rodriguez@example.org','96'),
('98','Haleigh','Rice','barney62@example.net','14'),
('99','Mya','Lebsack','grover76@example.org','1'),
('100','Thea','Cummings','amara13@example.net','14'); 


DROP TABLE IF EXISTS `users_communities`;
CREATE TABLE `users_communities` (
  `user_id` bigint(20) unsigned NOT NULL,
  `community_id` bigint(20) unsigned NOT NULL,
  PRIMARY KEY (`user_id`,`community_id`),
  KEY `community_id` (`community_id`),
  CONSTRAINT `users_communities_ibfk_1` FOREIGN KEY (`user_id`) REFERENCES `users` (`id`),
  CONSTRAINT `users_communities_ibfk_2` FOREIGN KEY (`community_id`) REFERENCES `communities` (`id`)
) ENGINE=InnoDB DEFAULT CHARSET=utf8 COLLATE=utf8_unicode_ci;

INSERT INTO `users_communities` VALUES ('1','1'),
('2','2'),
('3','3'),
('4','4'),
('5','5'),
('6','6'),
('7','7'),
('8','8'),
('9','9'),
('10','10'),
('11','1'),
('12','2'),
('13','3'),
('14','4'),
('15','5'),
('16','6'),
('17','7'),
('18','8'),
('19','9'),
('20','10'),
('21','1'),
('22','2'),
('23','3'),
('24','4'),
('25','5'),
('26','6'),
('27','7'),
('28','8'),
('29','9'),
('30','10'),
('31','1'),
('32','2'),
('33','3'),
('34','4'),
('35','5'),
('36','6'),
('37','7'),
('38','8'),
('39','9'),
('40','10'),
('41','1'),
('42','2'),
('43','3'),
('44','4'),
('45','5'),
('46','6'),
('47','7'),
('48','8'),
('49','9'),
('50','10'); 




/*!40101 SET SQL_MODE=@OLD_SQL_MODE */;
/*!40014 SET FOREIGN_KEY_CHECKS=@OLD_FOREIGN_KEY_CHECKS */;
/*!40014 SET UNIQUE_CHECKS=@OLD_UNIQUE_CHECKS */;
/*!40101 SET CHARACTER_SET_CLIENT=@OLD_CHARACTER_SET_CLIENT */;
/*!40101 SET CHARACTER_SET_RESULTS=@OLD_CHARACTER_SET_RESULTS */;
/*!40101 SET COLLATION_CONNECTION=@OLD_COLLATION_CONNECTION */;
/*!40111 SET SQL_NOTES=@OLD_SQL_NOTES */;

